date	MCP9808_temp	MCP9808_temp2	MCP9808_temp3	DHT22_hum	DHT22_temp
06:July:2016:19:13:21	35.0625	33.2500	38.0625	50.50	33.30
06:July:2016:19:13:52	35.0000	33.2500	37.6875	51.30	33.20
06:July:2016:19:14:23	35.0625	33.1875	37.6250	50.90	33.20
06:July:2016:19:14:54	35.0625	33.1250	37.2500	48.10	33.20
06:July:2016:19:15:25	34.9375	33.3125	37.3125	47.60	33.20
06:July:2016:19:15:56	35.0625	33.3125	37.5000	46.00	33.10
06:July:2016:19:16:27	35.0625	33.3125	37.2500	47.10	33.10
06:July:2016:19:16:58	35.0625	33.3750	37.1250	47.30	33.10
06:July:2016:19:17:29	35.0625	33.3750	37.3750	47.00	33.10
06:July:2016:19:18:00	35.0000	33.3125	37.4375	45.60	33.00
06:July:2016:19:18:31	34.9375	33.4375	37.3750	46.20	33.00
06:July:2016:19:19:02	34.8125	33.3750	37.5000	46.70	33.00
06:July:2016:19:19:33	34.8750	33.4375	37.4375	49.50	33.00
06:July:2016:19:20:04	34.8750	33.3750	37.4375	50.30	32.90
06:July:2016:19:20:35	35.0000	33.3750	37.3125	48.20	32.90
06:July:2016:19:21:06	35.0625	33.3125	36.8125	49.30	32.90
06:July:2016:19:21:37	35.0000	33.2500	36.8125	49.90	32.90
06:July:2016:19:22:08	35.0625	33.2500	37.3125	47.80	32.90
06:July:2016:19:22:39	35.0625	33.1875	37.5000	53.90	32.80
06:July:2016:19:23:10	34.7500	33.1875	37.3750	50.30	32.80
06:July:2016:19:23:41	35.0625	33.2500	37.3750	47.20	32.80
06:July:2016:19:24:13	35.1250	33.1875	37.3125	48.70	32.70
06:July:2016:19:24:44	35.1875	33.2500	37.2500	49.40	32.80
06:July:2016:19:25:15	35.0625	33.2500	36.6250	51.30	32.70
06:July:2016:19:25:46	35.1250	33.1875	37.0625	55.30	32.70
06:July:2016:19:26:17	35.1875	33.2500	37.1250	55.70	32.80
06:July:2016:19:26:48	35.1250	33.3125	37.1250	56.70	32.80
06:July:2016:19:27:19	35.1875	33.3125	37.3750	56.60	32.70
06:July:2016:19:27:50	34.9375	33.2500	37.4375	55.00	32.70
06:July:2016:19:28:21	34.9375	33.3125	37.4375	50.80	32.70
06:July:2016:19:28:52	34.9375	33.0625	37.5000	49.70	32.70
06:July:2016:19:29:23	34.9375	33.1875	37.4375	49.20	32.70
06:July:2016:19:29:54	35.1250	33.2500	37.4375	50.70	32.60
06:July:2016:19:30:25	35.1875	33.2500	37.2500	50.90	32.60
06:July:2016:19:30:56	35.1875	33.3750	37.1875	51.00	32.60
06:July:2016:19:31:27	35.1875	33.3750	37.3750	56.90	32.60
06:July:2016:19:31:58	35.2500	33.4375	37.5625	62.40	32.60
06:July:2016:19:32:29	34.9375	33.4375	38.0000	62.40	32.60
06:July:2016:19:33:00	34.9375	33.4375	38.5625	62.40	32.60
06:July:2016:19:33:31	35.0000	33.4375	39.0625	62.40	32.60
06:July:2016:19:34:02	35.0000	33.4375	39.1875	62.40	32.60
06:July:2016:19:34:33	34.9375	33.3125	39.5625	62.40	32.70
06:July:2016:19:35:04	34.9375	33.3125	40.1250	62.40	32.70
06:July:2016:19:35:36	35.0000	33.3125	40.1875	62.60	32.70
06:July:2016:19:36:07	35.0625	33.1250	40.0000	62.50	32.70
06:July:2016:19:36:38	35.1250	33.3125	40.0000	61.50	32.60
06:July:2016:19:37:09	35.1250	33.3125	40.0625	61.00	32.60
06:July:2016:19:37:40	35.0000	33.3125	40.1250	60.40	32.60
06:July:2016:19:38:11	34.8750	33.3750	40.1250	59.90	32.60
06:July:2016:19:39:17	34.8125	33.2500	39.7500	57.80	32.60
06:July:2016:19:39:48	34.9375	33.1250	39.7500	57.50	32.50
06:July:2016:19:40:19	34.9375	33.1250	39.2500	59.30	32.50
06:July:2016:19:40:50	34.8125	33.0625	39.2500	59.10	32.40
06:July:2016:19:41:22	34.8125	32.9375	39.5000	60.70	32.40
06:July:2016:19:41:53	34.9375	33.0000	39.5000	60.00	32.40
06:July:2016:19:42:24	35.0000	32.8750	39.4375	59.90	32.40
06:July:2016:19:42:55	35.0625	33.0000	39.6875	59.20	32.30
06:July:2016:19:43:26	35.0625	33.1875	39.9375	60.40	32.30
06:July:2016:19:43:57	35.1250	33.0625	39.9375	60.70	32.30
06:July:2016:19:44:28	35.1250	32.9375	39.9375	61.90	32.30
06:July:2016:19:44:59	35.1875	32.8750	39.8125	59.70	32.30
06:July:2016:19:45:30	35.1875	32.8125	39.7500	58.40	32.30
06:July:2016:19:46:01	35.1875	32.8125	39.5625	60.40	32.20
06:July:2016:19:46:32	35.1875	32.6875	39.4375	57.50	32.20
06:July:2016:19:47:03	35.1250	32.5625	39.3750	55.50	32.20
06:July:2016:19:47:34	35.1875	32.5625	39.3125	53.90	32.10
06:July:2016:19:48:05	35.1250	32.5625	39.2500	56.20	32.00
06:July:2016:19:48:36	35.1250	32.5625	39.1250	55.50	32.00
06:July:2016:19:49:07	35.0000	32.5625	39.1875	53.70	32.00
06:July:2016:19:49:38	35.0000	32.5000	39.1250	57.40	31.90
06:July:2016:19:50:09	35.0000	32.2500	39.0625	58.40	31.90
06:July:2016:19:50:40	35.0625	32.2500	38.8750	56.50	31.80
06:July:2016:19:51:11	35.0625	32.1875	38.4375	55.10	31.80
06:July:2016:19:51:43	35.1875	32.2500	38.3125	57.20	31.80
06:July:2016:19:52:14	35.1875	32.3750	38.1250	60.70	31.80
06:July:2016:19:52:45	35.2500	32.4375	38.4375	61.80	31.70
06:July:2016:19:53:16	35.0625	32.5000	38.7500	61.80	31.70
06:July:2016:19:53:47	34.7500	32.4375	39.5625	62.10	31.50
06:July:2016:19:54:18	35.0000	32.4375	40.0000	61.80	31.50
06:July:2016:19:54:49	34.8125	32.3750	40.3750	62.90	31.40
06:July:2016:19:55:20	34.8125	32.1250	40.6250	63.60	31.30
06:July:2016:19:55:51	34.8125	32.3750	40.6250	65.70	31.20
06:July:2016:19:56:22	34.9375	32.2500	40.6250	65.70	31.20
06:July:2016:19:56:53	35.0625	32.3125	40.5000	64.50	31.10
06:July:2016:19:57:24	35.0625	32.3125	40.1875	65.60	31.10
06:July:2016:19:57:55	34.8125	32.3125	39.8125	64.80	31.10
06:July:2016:19:58:26	34.8125	32.1250	39.7500	65.10	31.10
06:July:2016:19:58:57	34.9375	32.1250	39.6875	64.80	31.10
06:July:2016:19:59:28	35.0625	32.1250	39.5000	64.90	31.00
06:July:2016:19:59:59	34.8750	32.1250	39.5000	64.80	31.00
06:July:2016:20:00:30	34.9375	32.0625	39.4375	64.40	31.00
06:July:2016:20:01:01	34.9375	32.0625	39.6875	64.50	31.00
06:July:2016:20:01:32	34.9375	32.0625	39.9375	63.60	31.00
06:July:2016:20:02:03	34.8125	31.8750	40.1250	64.20	31.00
06:July:2016:20:02:34	34.7500	31.8125	40.1250	64.50	30.90
06:July:2016:20:03:06	34.8750	31.6250	40.1875	62.90	30.90
06:July:2016:20:03:37	34.8125	31.5625	40.4375	61.40	31.00
06:July:2016:20:04:08	34.8125	31.5000	40.6875	61.40	31.00
06:July:2016:20:04:39	34.7500	31.3750	41.0000	63.80	31.00
06:July:2016:20:05:10	34.9375	31.5000	41.3125	62.90	31.00
06:July:2016:20:05:41	35.0625	31.4375	41.5000	57.10	30.90
06:July:2016:20:06:12	35.0625	31.3750	41.5000	59.50	30.90
06:July:2016:20:06:43	35.0625	31.3750	41.5625	61.30	30.90
06:July:2016:20:07:14	35.0000	31.3125	41.3750	61.30	30.90
06:July:2016:20:07:45	35.0000	31.2500	41.1875	61.70	30.80
06:July:2016:20:08:16	34.9375	31.1875	40.8125	61.60	30.80
06:July:2016:20:08:47	34.9375	31.1250	40.5625	62.80	30.70
06:July:2016:20:09:18	34.8750	31.1250	40.1875	62.60	30.70
06:July:2016:20:09:49	34.8125	31.0000	39.6875	62.60	30.70
06:July:2016:20:10:20	34.8125	31.0000	39.5000	62.90	30.70
06:July:2016:20:10:51	34.9375	31.0000	39.6250	63.60	30.70
06:July:2016:20:11:22	35.0625	31.0000	39.3125	63.80	30.70
06:July:2016:20:11:53	35.1250	31.0625	39.1875	64.50	30.60
06:July:2016:20:12:24	35.0625	31.1250	39.1250	64.60	30.60
06:July:2016:20:12:56	35.0000	31.1875	38.6875	63.90	30.60
06:July:2016:20:13:27	35.0000	31.1250	38.6875	64.00	30.60
06:July:2016:20:13:58	35.0625	31.0625	38.4375	64.10	30.60
06:July:2016:20:14:29	35.0625	31.0000	38.1875	63.30	30.60
06:July:2016:20:15:00	35.0625	30.8125	38.0625	63.00	30.60
06:July:2016:20:15:31	35.1250	30.8125	37.7500	62.40	30.60
06:July:2016:20:16:02	35.0000	30.8750	37.7500	62.60	30.60
06:July:2016:20:16:33	34.9375	30.7500	37.3750	64.40	30.50
06:July:2016:20:17:04	34.9375	30.7500	37.5625	64.60	30.50
06:July:2016:20:17:35	34.9375	30.8125	37.8125	64.80	30.50
06:July:2016:20:18:06	34.8750	30.7500	38.2500	65.00	30.50
06:July:2016:20:18:37	34.7500	30.6875	38.5000	63.80	30.40
06:July:2016:20:19:08	34.6875	30.5625	38.5000	64.00	30.40
06:July:2016:20:19:39	34.6250	30.5625	38.5625	64.10	30.40
06:July:2016:20:20:10	34.6250	30.5625	38.6250	65.00	30.40
06:July:2016:20:20:41	34.6875	30.6250	38.8125	64.40	30.40
06:July:2016:20:21:12	34.7500	30.7500	39.0000	64.20	30.40
06:July:2016:20:21:43	34.8125	30.6250	39.0000	64.60	30.40
06:July:2016:20:22:14	34.7500	30.5625	38.8125	64.80	30.30
06:July:2016:20:22:46	34.7500	30.5625	38.7500	64.70	30.30
06:July:2016:20:23:17	34.7500	30.4375	38.8750	65.40	30.30
06:July:2016:20:23:48	34.8125	30.5000	38.8125	61.00	30.30
06:July:2016:20:24:19	34.8750	30.4375	38.7500	63.00	30.20
06:July:2016:20:24:50	34.8125	30.2500	38.6875	62.70	30.20
06:July:2016:20:25:21	34.7500	30.2500	38.6250	60.60	30.20
06:July:2016:20:25:52	34.7500	30.1250	38.5625	58.20	30.10
06:July:2016:20:26:23	34.8750	30.1250	38.5000	56.30	30.10
06:July:2016:20:26:54	34.8750	30.0625	38.3750	55.60	30.00
06:July:2016:20:27:25	34.8750	30.0000	38.2500	56.00	30.00
06:July:2016:20:27:56	34.9375	29.8750	38.0625	55.50	29.90
06:July:2016:20:28:27	34.8125	29.8750	37.8125	55.40	29.80
06:July:2016:20:28:58	34.7500	30.0000	37.5625	55.50	29.80
06:July:2016:20:29:29	34.7500	29.9375	37.3125	55.50	29.70
06:July:2016:20:30:00	34.8125	30.0625	37.2500	55.60	29.70
06:July:2016:20:30:31	34.8750	30.0000	37.1250	55.40	29.70
06:July:2016:20:31:02	34.9375	29.8750	37.2500	55.00	29.60
06:July:2016:20:31:33	34.8750	29.7500	37.2500	54.90	29.60
06:July:2016:20:32:04	34.8125	29.7500	37.6875	54.70	29.50
06:July:2016:20:32:36	34.8125	29.7500	38.4375	54.60	29.50
06:July:2016:20:33:07	34.8750	29.7500	38.5625	54.80	29.40
06:July:2016:20:33:38	34.8750	29.7500	38.8125	56.20	29.40
06:July:2016:20:34:09	34.8125	29.7500	38.7500	56.20	29.40
06:July:2016:20:34:40	34.8750	29.6875	38.7500	57.20	29.30
06:July:2016:20:35:11	34.8750	29.8125	38.5000	56.60	29.30
06:July:2016:20:35:42	34.9375	29.6875	38.2500	55.30	29.20
06:July:2016:20:36:13	34.8750	29.5625	38.2500	54.80	29.20
06:July:2016:20:36:44	34.9375	29.5625	38.3750	55.00	29.20
06:July:2016:20:37:15	34.8750	29.3125	38.6875	54.80	29.10
06:July:2016:20:37:46	34.8750	29.3125	39.0000	55.30	29.10
06:July:2016:20:38:17	34.8750	29.2500	39.3125	55.40	29.00
06:July:2016:20:38:48	34.8125	29.1875	39.2500	55.00	29.00
06:July:2016:20:39:19	34.7500	29.1875	39.3750	54.80	28.90
06:July:2016:20:39:50	34.7500	29.1250	39.4375	54.80	28.90
06:July:2016:20:40:21	34.8125	29.2500	39.6250	54.50	28.80
06:July:2016:20:40:52	34.8125	29.3125	39.6875	54.70	28.80
06:July:2016:20:41:59	34.8750	29.2500	39.6250	55.00	28.70
06:July:2016:20:42:30	34.8125	29.1875	39.1250	54.50	28.70
06:July:2016:20:43:01	34.8125	29.1250	39.1250	54.60	28.70
06:July:2016:20:43:32	34.8125	29.1875	39.0625	55.10	28.60
06:July:2016:20:44:03	34.8750	29.2500	38.8125	55.30	28.60
06:July:2016:20:44:34	34.7500	29.0625	38.8750	55.60	28.60
06:July:2016:20:45:05	34.7500	29.0625	39.0625	55.40	28.50
06:July:2016:20:45:36	34.7500	29.0625	39.5625	56.20	28.50
06:July:2016:20:46:07	34.7500	29.0625	39.8125	56.80	28.50
06:July:2016:20:46:38	34.7500	29.1250	40.1250	57.70	28.50
06:July:2016:20:47:09	34.7500	29.2500	40.2500	62.00	28.40
06:July:2016:20:47:40	34.8125	29.2500	40.0625	63.10	28.50
06:July:2016:20:48:12	34.9375	29.2500	39.8750	63.20	28.50
06:July:2016:20:48:43	34.9375	29.3125	40.1250	62.60	28.50
06:July:2016:20:49:14	35.0000	29.4375	40.3750	64.60	28.40
06:July:2016:20:49:45	35.0625	29.5000	40.4375	64.30	28.50
06:July:2016:20:50:16	35.0000	29.6250	40.4375	64.60	28.50
06:July:2016:20:50:47	35.0625	29.6250	40.3125	64.50	28.50
06:July:2016:20:51:18	34.9375	29.6250	40.5000	63.10	28.50
06:July:2016:20:51:49	34.9375	29.6250	41.0000	63.00	28.50
06:July:2016:20:52:20	35.0000	29.6250	41.2500	64.90	28.50
06:July:2016:20:52:51	35.0000	29.6250	41.2500	64.90	28.50
06:July:2016:20:53:22	35.0625	29.6875	41.3125	64.40	28.50
06:July:2016:20:53:53	35.1875	29.7500	41.3125	63.80	28.50
06:July:2016:20:54:24	35.1875	29.7500	41.0625	63.20	28.50
06:July:2016:20:54:55	35.1875	29.8750	41.0625	63.30	28.50
06:July:2016:20:55:26	35.1875	29.9375	41.1250	62.60	28.50
06:July:2016:20:55:57	35.1875	30.0000	41.1875	62.60	28.50
06:July:2016:20:56:28	35.1875	30.0000	41.0000	62.90	28.50
06:July:2016:20:56:59	35.1875	29.9375	40.8750	61.00	28.50
06:July:2016:20:57:30	35.1250	29.9375	40.8125	59.80	28.40
06:July:2016:20:58:01	35.1250	29.9375	40.7500	57.20	28.40
06:July:2016:20:58:33	35.1875	29.8125	40.8750	57.20	28.40
06:July:2016:20:59:04	35.1875	29.6875	40.8125	56.00	28.40
06:July:2016:20:59:35	35.0000	29.7500	41.1250	56.10	28.40
06:July:2016:21:00:06	34.8750	29.8125	41.3125	57.10	28.30
06:July:2016:21:00:37	34.8125	29.8125	40.9375	57.60	28.30
06:July:2016:21:01:08	34.7500	29.8125	41.0625	57.60	28.30
06:July:2016:21:01:39	34.8750	29.7500	40.8750	57.80	28.30
06:July:2016:21:02:10	34.8750	29.6875	40.7500	58.90	28.30
06:July:2016:21:02:41	34.8125	29.6250	40.6250	57.60	28.30
06:July:2016:21:03:12	34.9375	29.6875	40.3125	58.60	28.30
06:July:2016:21:03:43	35.0000	29.6250	40.0625	58.70	28.30
06:July:2016:21:04:14	34.9375	29.6875	39.9375	59.40	28.30
06:July:2016:21:04:45	34.8125	29.7500	39.8750	58.10	28.30
06:July:2016:21:05:16	34.9375	29.7500	39.5000	57.70	28.20
06:July:2016:21:05:47	34.8750	29.8750	39.8125	57.10	28.20
06:July:2016:21:06:18	34.9375	29.9375	40.3750	57.60	28.20
06:July:2016:21:06:49	34.9375	29.9375	41.1250	58.20	28.20
06:July:2016:21:07:20	34.8750	29.8125	41.3125	58.50	28.20
06:July:2016:21:07:51	34.8750	29.7500	41.4375	58.60	28.20
06:July:2016:21:08:22	34.8125	29.6875	41.4375	58.50	28.20
06:July:2016:21:08:53	34.9375	29.6875	41.5000	57.80	28.20
06:July:2016:21:09:25	35.0000	29.7500	41.5625	59.30	28.20
06:July:2016:21:09:56	34.9375	29.6250	41.5000	59.20	28.20
06:July:2016:21:10:27	34.9375	29.5625	41.3750	58.20	28.20
06:July:2016:21:10:58	35.0625	29.5000	41.1875	59.10	28.20
06:July:2016:21:11:29	35.1250	29.5000	41.0000	59.60	28.20
06:July:2016:21:12:00	35.1250	29.5625	41.0000	63.60	28.20
06:July:2016:21:12:31	35.1250	29.5625	40.6875	65.30	28.20
06:July:2016:21:13:02	35.1250	29.5000	40.3750	64.20	28.20
06:July:2016:21:13:33	35.0625	29.4375	40.1250	63.70	28.20
06:July:2016:21:14:04	34.9375	29.6250	40.0625	62.90	28.20
06:July:2016:21:14:35	34.9375	29.6250	40.0625	62.30	28.20
06:July:2016:21:15:06	34.9375	29.6875	40.1250	62.40	28.20
06:July:2016:21:15:37	35.1250	29.6250	40.8125	62.30	28.20
06:July:2016:21:16:08	35.1875	29.5625	41.1250	62.10	28.20
06:July:2016:21:16:39	35.1875	29.6250	41.2500	62.80	28.20
06:July:2016:21:17:10	35.1250	29.5625	41.2500	66.40	28.20
06:July:2016:21:17:41	35.1250	29.5000	41.5000	67.80	28.30
06:July:2016:21:18:12	35.0625	29.5000	41.6875	68.80	28.30
06:July:2016:21:18:43	35.0000	29.5000	41.6250	67.20	28.30
06:July:2016:21:19:14	35.0000	29.5000	42.0000	66.30	28.30
06:July:2016:21:19:46	35.0000	29.5625	42.0625	65.00	28.30
06:July:2016:21:20:17	34.9375	29.5625	42.0000	65.10	28.30
06:July:2016:21:20:48	34.8125	29.5625	41.8125	64.40	28.30
06:July:2016:21:21:19	34.8750	29.5000	41.6875	62.30	28.30
06:July:2016:21:21:50	35.0000	29.5625	41.5625	61.40	28.30
06:July:2016:21:22:21	35.0000	29.5000	41.2500	61.90	28.30
06:July:2016:21:22:52	35.0000	29.5625	41.2500	62.40	28.20
06:July:2016:21:23:23	35.0625	29.5625	41.1875	62.30	28.20
06:July:2016:21:23:54	34.9375	29.5000	40.8750	62.30	28.20
06:July:2016:21:24:25	35.0000	29.5000	40.8125	62.60	28.20
06:July:2016:21:24:56	34.8750	29.5000	40.8750	63.30	28.20
06:July:2016:21:25:27	35.0000	29.5625	40.8750	63.20	28.20
06:July:2016:21:25:58	35.0000	29.6250	41.3125	63.50	28.20
06:July:2016:21:26:29	34.9375	29.6250	41.5625	63.60	28.10
06:July:2016:21:27:00	35.0000	29.6875	41.9375	63.90	28.20
06:July:2016:21:27:31	35.0000	29.6250	41.8125	64.60	28.20
06:July:2016:21:28:02	35.0000	29.6250	41.8750	65.20	28.20
06:July:2016:21:28:33	35.0000	29.5625	41.8125	65.80	28.20
06:July:2016:21:29:04	35.0000	29.5625	42.0000	65.30	28.10
06:July:2016:21:29:36	34.9375	29.5625	42.0625	65.60	28.10
06:July:2016:21:30:07	35.0000	29.5625	41.6250	66.40	28.20
06:July:2016:21:30:38	34.8750	29.5000	41.5000	67.10	28.10
06:July:2016:21:31:09	34.9375	29.5000	40.9375	67.20	28.20
06:July:2016:21:31:40	34.9375	29.4375	40.8125	66.50	28.10
06:July:2016:21:32:11	34.8750	29.4375	40.3750	64.80	28.20
06:July:2016:21:32:42	34.9375	29.3750	40.1875	63.80	28.10
06:July:2016:21:33:13	34.9375	29.3125	40.4375	62.30	28.10
06:July:2016:21:33:44	35.0000	29.3125	40.2500	60.20	28.10
06:July:2016:21:34:15	35.0000	29.2500	40.0625	59.40	28.00
06:July:2016:21:34:46	35.1250	29.2500	39.5000	59.50	28.10
06:July:2016:21:35:17	35.1250	29.1875	39.1250	59.20	28.00
06:July:2016:21:35:48	35.1250	29.0000	39.0625	59.40	28.00
06:July:2016:21:36:19	35.0625	29.0000	39.0000	58.60	28.00
06:July:2016:21:36:50	35.1250	29.1875	38.7500	58.50	27.90
06:July:2016:21:37:21	35.0625	29.1875	38.8125	57.80	27.90
06:July:2016:21:37:52	35.1250	29.2500	39.0625	57.70	27.90
06:July:2016:21:38:23	35.1250	29.2500	39.4375	58.10	27.90
06:July:2016:21:38:54	35.2500	29.2500	39.5625	58.40	27.90
06:July:2016:21:39:26	35.3750	29.1875	39.6250	58.20	27.90
06:July:2016:21:39:57	35.3750	29.1250	39.5625	59.40	27.90
06:July:2016:21:40:28	35.3125	29.1250	39.5625	61.30	27.90
06:July:2016:21:40:59	35.1875	29.1875	39.3750	61.90	27.90
06:July:2016:21:41:30	35.1250	29.1875	39.2500	64.40	27.90
06:July:2016:21:42:01	35.1875	29.0625	39.1875	64.40	27.90
06:July:2016:21:42:32	35.1250	29.0000	39.1250	64.70	27.90
06:July:2016:21:43:03	35.1875	29.0625	38.9375	64.50	27.90
06:July:2016:21:43:34	35.2500	29.0000	38.8125	64.30	27.90
06:July:2016:21:44:40	35.3125	29.0000	38.5000	65.40	27.90
06:July:2016:21:45:11	35.3125	29.0000	38.3125	61.80	27.90
06:July:2016:21:45:42	35.2500	28.9375	38.1875	60.00	27.90
06:July:2016:21:46:13	35.2500	29.0000	38.2500	59.10	27.90
06:July:2016:21:46:44	35.2500	29.1250	38.1250	58.80	27.90
06:July:2016:21:47:15	35.3125	29.0625	38.0000	58.40	27.90
06:July:2016:21:47:46	35.2500	29.0625	37.9375	59.40	27.90
06:July:2016:21:48:17	35.3750	29.0000	37.8750	58.00	27.80
06:July:2016:21:48:49	35.3750	28.8750	37.6250	58.20	27.90
06:July:2016:21:49:20	35.4375	28.8750	37.4375	58.10	27.90
06:July:2016:21:49:51	35.4375	28.8750	37.0625	57.80	27.90
06:July:2016:21:50:22	35.4375	28.8750	37.0625	57.50	27.90
06:July:2016:21:50:53	35.4375	28.8750	37.0000	57.50	27.80
06:July:2016:21:51:24	35.4375	28.8750	36.8125	61.00	27.80
06:July:2016:21:51:55	35.3750	28.8750	36.3750	62.90	27.80
06:July:2016:21:52:26	35.3750	28.8125	36.1250	61.90	27.80
06:July:2016:21:52:57	35.3750	28.8750	36.0625	63.80	27.80
06:July:2016:21:53:28	35.3125	28.7500	36.3750	62.00	27.80
06:July:2016:21:53:59	35.3125	28.9375	36.8125	60.90	27.80
06:July:2016:21:54:30	35.3125	28.8750	37.3125	59.30	27.80
06:July:2016:21:55:01	35.3750	28.9375	37.8125	60.90	27.80
06:July:2016:21:55:32	35.3125	28.9375	38.3125	60.50	27.80
06:July:2016:21:56:03	35.3125	28.9375	38.6875	60.50	27.80
06:July:2016:21:56:34	35.3750	29.0000	39.3125	60.70	27.80
06:July:2016:21:57:05	35.3125	29.0000	39.8125	64.10	27.80
06:July:2016:21:57:36	35.3125	29.0625	40.6250	64.80	27.80
06:July:2016:21:58:07	35.3125	29.1250	41.2500	65.00	27.90
06:July:2016:21:58:38	35.3750	29.0625	41.6875	65.10	27.90
06:July:2016:21:59:10	35.2500	29.0000	42.4375	65.10	27.90
06:July:2016:21:59:41	35.1875	29.0000	42.6875	65.50	27.90
06:July:2016:22:00:12	35.1250	29.0000	42.8750	64.80	27.90
06:July:2016:22:00:43	35.1250	29.0625	42.8125	64.60	27.90
06:July:2016:22:01:14	35.1250	29.0625	42.5625	64.50	27.90
06:July:2016:22:01:45	35.0625	29.1250	42.4375	64.20	27.90
06:July:2016:22:02:16	35.1875	29.1875	42.5625	64.00	27.90
06:July:2016:22:02:47	35.1250	29.0000	42.3750	62.10	27.90
06:July:2016:22:03:18	35.1875	28.9375	42.0625	61.50	27.90
06:July:2016:22:03:49	35.1875	28.8750	41.7500	61.00	27.90
06:July:2016:22:04:20	35.2500	28.7500	41.6250	60.90	27.90
06:July:2016:22:04:51	35.1875	28.6875	41.5625	61.20	27.80
06:July:2016:22:05:22	35.1875	28.6875	41.5000	60.30	27.80
06:July:2016:22:05:53	35.1875	28.7500	41.3750	60.80	27.80
06:July:2016:22:06:24	35.2500	28.8125	41.3125	61.50	27.80
06:July:2016:22:06:55	35.2500	28.7500	41.2500	62.10	27.80
06:July:2016:22:07:26	35.3125	28.6875	41.3750	62.50	27.70
06:July:2016:22:07:57	35.3125	28.8125	41.5625	62.90	27.70
06:July:2016:22:08:28	35.3125	28.8125	41.4375	63.20	27.70
06:July:2016:22:08:59	35.2500	28.6875	41.2500	63.50	27.70
06:July:2016:22:09:30	35.1875	28.5625	40.9375	64.40	27.70
06:July:2016:22:10:01	35.2500	28.5000	40.7500	65.40	27.70
06:July:2016:22:10:32	35.1875	28.4375	40.8125	66.90	27.70
06:July:2016:22:11:04	35.2500	28.4375	40.5625	65.40	27.70
06:July:2016:22:11:35	35.1250	28.5000	40.5000	64.80	27.70
06:July:2016:22:12:06	35.1250	28.5625	40.0625	64.40	27.70
06:July:2016:22:12:37	35.2500	28.5625	39.6875	63.80	27.60
06:July:2016:22:13:08	35.3125	28.5000	39.1875	64.50	27.70
06:July:2016:22:13:39	35.3125	28.4375	38.8125	63.70	27.70
06:July:2016:22:14:10	35.3750	28.5000	38.5625	63.50	27.70
06:July:2016:22:14:41	35.3750	28.5625	38.3750	63.90	27.70
06:July:2016:22:15:12	35.3750	28.5625	38.1250	64.00	27.70
06:July:2016:22:15:43	35.1875	28.5625	37.7500	63.20	27.70
06:July:2016:22:16:14	35.3125	28.5625	37.6875	63.80	27.70
06:July:2016:22:16:45	35.1875	28.6250	37.6250	63.80	27.70
06:July:2016:22:17:16	35.2500	28.5625	37.5625	65.20	27.70
06:July:2016:22:17:47	35.3750	28.5625	37.8125	66.30	27.70
06:July:2016:22:18:18	35.3125	28.5625	37.8750	66.90	27.70
06:July:2016:22:18:49	35.3125	28.5000	37.7500	66.90	27.70
06:July:2016:22:19:20	35.3125	28.5000	37.8750	66.90	27.70
06:July:2016:22:19:51	35.2500	28.5000	37.9375	65.30	27.70
06:July:2016:22:20:22	35.3750	28.5625	38.0625	64.30	27.70
06:July:2016:22:20:54	35.3750	28.6875	37.8750	63.90	27.70
06:July:2016:22:21:25	35.4375	28.8125	37.3750	66.00	27.70
06:July:2016:22:21:56	35.4375	28.9375	37.5625	65.80	27.60
06:July:2016:22:22:27	35.4375	28.7500	37.6250	65.40	27.70
06:July:2016:22:22:58	35.4375	28.7500	37.9375	63.80	27.60
06:July:2016:22:23:29	35.4375	28.6250	37.7500	63.90	27.70
06:July:2016:22:24:00	35.4375	28.6250	37.6250	65.60	27.60
06:July:2016:22:24:31	35.3750	28.5625	37.1875	66.90	27.70
06:July:2016:22:25:02	35.3750	28.5000	36.9375	66.80	27.60
06:July:2016:22:25:33	35.4375	28.5000	36.6875	66.90	27.70
06:July:2016:22:26:04	35.4375	28.3750	36.4375	66.90	27.70
06:July:2016:22:26:35	35.5000	28.4375	36.4375	67.60	27.70
06:July:2016:22:27:06	35.5000	28.3750	36.2500	68.80	27.70
06:July:2016:22:27:37	35.5000	28.4375	36.3125	69.00	27.70
06:July:2016:22:28:08	35.3750	28.4375	36.2500	69.50	27.80
06:July:2016:22:28:39	35.3750	28.5000	36.1875	68.30	27.80
06:July:2016:22:29:10	35.3750	28.6250	36.2500	68.00	27.80
06:July:2016:22:29:41	35.2500	28.6250	36.1875	68.30	27.80
06:July:2016:22:30:12	35.3750	28.6875	36.0625	68.40	27.80
06:July:2016:22:30:43	35.3750	28.5625	35.9375	68.40	27.80
06:July:2016:22:31:15	35.4375	28.5625	35.8750	68.40	27.90
06:July:2016:22:31:46	35.4375	28.6250	35.7500	67.10	27.90
06:July:2016:22:32:17	35.3750	28.6250	35.8125	67.00	27.90
06:July:2016:22:32:48	35.3750	28.6250	35.8125	66.20	27.90
06:July:2016:22:33:19	35.3750	28.6250	35.6250	67.00	27.90
06:July:2016:22:33:50	35.3125	28.5000	35.6250	66.10	27.90
06:July:2016:22:34:21	35.3125	28.4375	35.7500	65.40	27.90
06:July:2016:22:34:52	35.3125	28.4375	35.8125	66.00	27.80
06:July:2016:22:35:23	35.2500	28.5000	35.7500	65.80	27.80
06:July:2016:22:35:54	35.2500	28.5000	35.6875	66.90	27.80
06:July:2016:22:36:25	35.2500	28.7500	35.6875	67.00	27.80
06:July:2016:22:36:56	35.2500	28.6875	35.6250	67.00	27.80
06:July:2016:22:37:27	35.3125	28.6875	35.5000	66.90	27.80
06:July:2016:22:37:58	35.3750	28.6875	35.3125	66.90	27.80
06:July:2016:22:38:29	35.3750	28.6875	35.2500	65.50	27.80
06:July:2016:22:39:00	35.3125	28.6875	35.2500	64.50	27.70
06:July:2016:22:39:31	35.3125	28.6875	35.3750	64.60	27.80
06:July:2016:22:40:02	35.2500	28.5625	35.2500	64.20	27.70
06:July:2016:22:40:33	35.3125	28.6250	35.2500	64.30	27.70
06:July:2016:22:41:04	35.3750	28.6875	35.2500	64.40	27.70
06:July:2016:22:41:35	35.3125	28.7500	35.1875	64.70	27.70
06:July:2016:22:42:06	35.3750	28.6875	35.0000	64.70	27.70
06:July:2016:22:42:37	35.3750	28.7500	35.0625	66.90	27.70
06:July:2016:22:43:09	35.3125	28.7500	35.0625	66.80	27.60
06:July:2016:22:43:40	35.3750	28.7500	35.0625	66.90	27.70
06:July:2016:22:44:11	35.3125	28.8125	35.0625	66.90	27.70
06:July:2016:22:44:42	35.3125	28.8125	35.0625	66.90	27.70
06:July:2016:22:45:13	35.3750	28.8125	35.3125	66.90	27.70
06:July:2016:22:45:44	35.3750	28.8125	35.5625	65.50	27.70
06:July:2016:22:46:15	35.3750	28.8125	35.8750	64.00	27.70
06:July:2016:22:47:22	35.3125	28.8750	35.9375	64.20	27.60
06:July:2016:22:47:53	35.3125	28.8125	35.6875	63.70	27.60
06:July:2016:22:48:24	35.3125	28.8125	35.9375	64.10	27.60
06:July:2016:22:48:55	35.3125	28.7500	36.3750	64.70	27.60
06:July:2016:22:49:26	35.2500	28.7500	36.3750	64.70	27.60
06:July:2016:22:49:57	35.2500	28.6875	36.3125	65.00	27.60
06:July:2016:22:50:28	35.2500	28.6250	36.3125	65.50	27.60
06:July:2016:22:50:59	35.3125	28.5625	36.2500	66.80	27.60
06:July:2016:22:51:31	35.2500	28.5625	36.1875	65.80	27.60
06:July:2016:22:52:02	35.1875	28.5000	36.0625	64.70	27.70
06:July:2016:22:52:33	35.1875	28.5000	36.1875	64.50	27.70
06:July:2016:22:53:04	35.2500	28.4375	36.6875	64.70	27.70
06:July:2016:22:53:35	35.2500	28.5625	37.2500	62.70	27.60
06:July:2016:22:54:06	35.1250	28.5625	37.8750	62.50	27.60
06:July:2016:22:54:37	35.1250	28.6875	38.8125	62.90	27.60
06:July:2016:22:55:08	35.1250	28.6250	39.8125	62.40	27.60
06:July:2016:22:55:39	35.1250	28.6250	40.3125	63.80	27.70
06:July:2016:22:56:10	35.0625	28.5625	40.6250	62.60	27.70
06:July:2016:22:56:41	35.1250	28.6250	40.9375	61.50	27.70
06:July:2016:22:57:12	35.1250	28.6875	41.1250	62.20	27.60
06:July:2016:22:57:43	35.1250	28.6250	41.1875	62.00	27.60
06:July:2016:22:58:14	35.1875	28.5625	41.3125	63.50	27.60
06:July:2016:22:58:45	35.1875	28.5000	41.4375	66.90	27.60
06:July:2016:22:59:16	35.2500	28.5000	41.5625	64.30	27.50
06:July:2016:22:59:47	35.2500	28.6250	41.5625	62.30	27.50
06:July:2016:23:00:18	35.3125	28.5000	41.6875	61.80	27.50
06:July:2016:23:00:49	35.2500	28.5000	41.8125	62.40	27.40
06:July:2016:23:01:20	35.1250	28.5000	41.6875	62.00	27.40
06:July:2016:23:01:51	35.2500	28.4375	41.6250	62.10	27.40
06:July:2016:23:02:23	35.1875	28.4375	41.6250	62.00	27.40
06:July:2016:23:02:54	35.1875	28.5000	41.8125	62.60	27.40
06:July:2016:23:03:25	35.1875	28.3750	42.0000	62.30	27.40
06:July:2016:23:03:56	35.1875	28.3125	42.2500	62.00	27.30
06:July:2016:23:04:27	35.1875	28.2500	42.2500	62.00	27.30
06:July:2016:23:04:58	35.2500	28.1875	42.1250	62.80	27.30
06:July:2016:23:05:29	35.1875	28.3125	42.1250	62.90	27.30
06:July:2016:23:06:00	35.1250	28.2500	42.0000	62.80	27.30
06:July:2016:23:06:31	35.1250	28.3125	41.8125	62.20	27.30
06:July:2016:23:07:02	35.1250	28.2500	41.5000	61.70	27.30
06:July:2016:23:07:33	35.0625	28.2500	41.5000	62.30	27.20
06:July:2016:23:08:04	35.1250	28.2500	41.4375	62.20	27.30
06:July:2016:23:08:35	35.1250	28.2500	41.1250	62.70	27.20
06:July:2016:23:09:06	35.1875	28.3750	41.0625	62.90	27.20
06:July:2016:23:09:37	35.1250	28.6250	40.8750	61.50	27.20
06:July:2016:23:10:08	35.1250	28.6875	41.1250	60.80	27.20
06:July:2016:23:10:39	35.1250	28.8125	41.1875	61.00	27.20
06:July:2016:23:11:10	35.1250	28.7500	41.1875	62.20	27.20
06:July:2016:23:11:41	35.0625	28.7500	41.0625	63.50	27.20
06:July:2016:23:12:12	35.1250	28.6250	41.1250	63.20	27.20
06:July:2016:23:12:44	35.1250	28.6250	41.0000	63.40	27.10
06:July:2016:23:13:15	35.1875	28.5625	41.1875	66.70	27.20
06:July:2016:23:13:46	35.2500	28.4375	41.1875	67.40	27.20
06:July:2016:23:14:17	35.2500	28.4375	41.3750	66.60	27.20
06:July:2016:23:14:48	35.2500	28.3125	41.3125	69.10	27.20
06:July:2016:23:15:19	35.1875	28.1875	41.3125	71.20	27.20
06:July:2016:23:15:50	35.1875	28.3125	41.7500	73.30	27.20
06:July:2016:23:16:21	35.1250	28.3125	41.8125	71.30	27.20
06:July:2016:23:16:52	34.9375	28.3750	41.7500	70.00	27.30
06:July:2016:23:17:23	35.0625	28.2500	41.7500	68.10	27.30
06:July:2016:23:17:54	35.1250	28.3125	41.5625	66.60	27.20
06:July:2016:23:18:25	35.1250	28.3125	41.3125	68.20	27.30
06:July:2016:23:18:56	35.1875	28.3750	41.0625	66.20	27.30
06:July:2016:23:19:27	35.2500	28.3750	41.0625	63.90	27.20
06:July:2016:23:19:58	35.3125	28.4375	41.2500	63.00	27.20
06:July:2016:23:20:29	35.1875	28.3125	41.2500	62.80	27.20
06:July:2016:23:21:00	35.1875	28.2500	41.1250	62.50	27.20
06:July:2016:23:21:31	35.2500	28.2500	41.1250	64.50	27.20
06:July:2016:23:22:02	35.3125	28.2500	41.2500	61.40	27.10
06:July:2016:23:22:34	35.3125	28.1875	41.5625	60.60	27.20
06:July:2016:23:23:05	35.3750	28.1875	41.7500	60.80	27.10
06:July:2016:23:23:36	35.3750	28.1875	41.8750	60.50	27.10
06:July:2016:23:24:07	35.4375	28.1875	42.0000	60.20	27.10
06:July:2016:23:24:38	35.2500	28.2500	41.8750	60.00	27.00
06:July:2016:23:25:09	35.3125	28.1875	42.0000	59.70	27.00
06:July:2016:23:25:40	35.3750	28.1250	42.0625	59.60	27.00
06:July:2016:23:26:11	35.4375	28.0625	42.2500	59.40	27.00
06:July:2016:23:26:42	35.3750	28.1250	42.3750	59.60	26.90
06:July:2016:23:27:13	35.4375	28.0625	42.1250	60.00	26.90
06:July:2016:23:27:44	35.4375	28.0625	41.9375	60.20	26.90
06:July:2016:23:28:15	35.4375	28.0000	41.7500	60.40	26.90
06:July:2016:23:28:46	35.3125	27.9375	41.4375	60.10	26.90
06:July:2016:23:29:17	35.1875	28.0000	41.0000	60.00	26.90
06:July:2016:23:29:48	35.1250	27.8750	40.9375	60.10	26.90
06:July:2016:23:30:19	35.1875	27.8125	41.0625	60.30	26.90
06:July:2016:23:30:50	35.2500	27.7500	41.3125	60.00	26.80
06:July:2016:23:31:21	35.3125	27.8125	41.3125	59.90	26.90
06:July:2016:23:31:52	35.3750	27.8125	41.1875	59.80	26.80
06:July:2016:23:32:24	35.3750	27.9375	41.1875	59.80	26.80
06:July:2016:23:32:55	35.3750	27.9375	40.9375	59.70	26.80
06:July:2016:23:33:26	35.3750	27.9375	40.8125	59.70	26.70
06:July:2016:23:33:57	35.3750	27.9375	40.5625	59.80	26.80
06:July:2016:23:34:28	35.3750	27.9375	40.2500	59.70	26.70
06:July:2016:23:34:59	35.3750	27.9375	40.0625	59.80	26.70
06:July:2016:23:35:30	35.3125	27.8750	40.1875	59.80	26.70
06:July:2016:23:36:01	35.2500	27.8125	40.1875	60.10	26.70
06:July:2016:23:36:32	35.1875	27.8125	40.1250	61.20	26.60
06:July:2016:23:37:03	35.1250	27.7500	40.0625	60.40	26.60
06:July:2016:23:37:34	35.1250	27.7500	39.5625	60.00	26.60
06:July:2016:23:38:05	35.0625	27.6875	39.6250	60.10	26.60
06:July:2016:23:38:36	34.7500	27.7500	40.0625	60.10	26.60
06:July:2016:23:39:07	34.8750	27.6875	40.3750	60.10	26.60
06:July:2016:23:39:38	35.0000	27.6875	40.5000	60.20	26.60
06:July:2016:23:40:09	34.9375	27.6250	40.7500	60.60	26.60
06:July:2016:23:40:40	34.9375	27.6250	40.7500	60.10	26.60
06:July:2016:23:41:11	34.9375	27.6875	40.4375	60.10	26.60
06:July:2016:23:41:42	35.0000	27.7500	40.5000	60.00	26.50
06:July:2016:23:42:14	35.0000	27.7500	40.6875	60.00	26.50
06:July:2016:23:42:45	35.0625	27.6250	40.9375	59.80	26.50
06:July:2016:23:43:16	35.0625	27.7500	41.0000	59.80	26.50
06:July:2016:23:43:47	35.1250	27.7500	40.7500	59.70	26.50
06:July:2016:23:44:18	35.0625	27.5000	40.8125	59.60	26.40
06:July:2016:23:44:49	34.9375	27.6250	40.8125	60.00	26.40
06:July:2016:23:45:20	34.6250	27.5000	40.8750	60.00	26.40
06:July:2016:23:45:51	34.6875	27.4375	40.6875	60.00	26.40
06:July:2016:23:46:22	34.6875	27.5625	40.5000	60.10	26.40
06:July:2016:23:46:53	34.8125	27.4375	40.3125	60.70	26.40
06:July:2016:23:47:24	34.8125	27.3750	40.0000	60.20	26.40
06:July:2016:23:47:55	34.9375	27.3125	39.7500	60.20	26.30
06:July:2016:23:48:26	35.0000	27.2500	39.2500	59.90	26.30
06:July:2016:23:48:57	35.0000	27.2500	38.8750	59.80	26.30
